ANDERSON,1
ANDREWS,3
ANGELINA,5
ARANSAS,7
ARCHER,9
ARMSTRONG,11
ATASCOSA,13
AUSTIN,15
BAILEY,17
BANDERA,19
BASTROP,21
BAYLOR,23
BEE,25
BELL,27
BEXAR,29
BLANCO,31
BORDEN,33
BOSQUE,35
BOWIE,37
BRAZORIA,39
BRAZOS,41
BREWSTER,43
BRISCOE,45
BROOKS,47
BROWN,49
BURLESON,51
BURNET,53
CALDWELL,55
CALHOUN,57
CALLAHAN,59
CAMERON,61
CAMP,63
CARSON,65
CASS,67
CASTRO,69
CHAMBERS,71
CHEROKEE,73
CHILDRESS,75
CLAY,77
COCHRAN,79
COKE,81
COLEMAN,83
COLLIN,85
COLLINGSWORTH,87
COLORADO,89
COMAL,91
COMANCHE,93
CONCHO,95
COOKE,97
CORYELL,99
COTTLE,101
CRANE,103
CROCKETT,105
CROSBY,107
CULBERSON,109
DALLAM,111
DALLAS,113
DAWSON,115
DEAF SMITH,117
DELTA,119
DENTON,121
DEWITT,123
DICKENS,125
DIMMIT,127
DONLEY,129
DUVAL,131
EASTLAND,133
ECTOR,135
EDWARDS,137
EL PASO,141
ELLIS,139
ERATH,143
FALLS,145
FANNIN,147
FAYETTE,149
FISHER,151
FLOYD,153
FOARD,155
FORT BEND,157
FRANKLIN,159
FREESTONE,161
FRIO,163
GAINES,165
GALVESTON,167
GARZA,169
GILLESPIE,171
GLASSCOCK,173
GOLIAD,175
GONZALES,177
GRAY,179
GRAYSON,181
GREGG,183
GRIMES,185
GUADALUPE,187
HALE,189
HALL,191
HAMILTON,193
HANSFORD,195
HARDEMAN,197
HARDIN,199
HARRIS,201
HARRISON,203
HARTLEY,205
HASKELL,207
HAYS,209
HEMPHILL,211
HENDERSON,213
HIDALGO,215
HILL,217
HOCKLEY,219
HOOD,221
HOPKINS,223
HOUSTON,225
HOWARD,227
HUDSPETH,229
HUNT,231
HUTCHINSON,233
IRION,235
JACK,237
JACKSON,239
JASPER,241
JEFF DAVIS,243
JEFFERSON,245
JIM HOGG,247
JIM WELLS,249
JOHNSON,251
JONES,253
KARNES,255
KAUFMAN,257
KENDALL,259
KENEDY,261
KENT,263
KERR,265
KIMBLE,267
KING,269
KINNEY,271
KLEBERG,273
KNOX,275
LA SALLE,283
LAMAR,277
LAMB,279
LAMPASAS,281
LAVACA,285
LEE,287
LEON,289
LIBERTY,291
LIMESTONE,293
LIPSCOMB,295
LIVE OAK,297
LLANO,299
LOVING,301
LUBBOCK,303
LYNN,305
MADISON,313
MARION,315
MARTIN,317
MASON,319
MATAGORDA,321
MAVERICK,323
MCCULLOCH,307
MCLENNAN,309
MCMULLEN,311
MEDINA,325
MENARD,327
MIDLAND,329
MILAM,331
MILLS,333
MITCHELL,335
MONTAGUE,337
MONTGOMERY,339
MOORE,341
MORRIS,343
MOTLEY,345
NACOGDOCHES,347
NAVARRO,349
NEWTON,351
NOLAN,353
NUECES,355
OCHILTREE,357
OLDHAM,359
ORANGE,361
PALO PINTO,363
PANOLA,365
PARKER,367
PARMER,369
PECOS,371
POLK,373
POTTER,375
PRESIDIO,377
RAINS,379
RANDALL,381
REAGAN,383
REAL,385
RED RIVER,387
REEVES,389
REFUGIO,391
ROBERTS,393
ROBERTSON,395
ROCKWALL,397
RUNNELS,399
RUSK,401
SABINE,403
SAN AUGUSTINE,405
SAN JACINTO,407
SAN PATRICIO,409
SAN SABA,411
SCHLEICHER,413
SCURRY,415
SHACKELFORD,417
SHELBY,419
SHERMAN,421
SMITH,423
SOMERVELL,425
STARR,427
STEPHENS,429
STERLING,431
STONEWALL,433
SUTTON,435
SWISHER,437
TARRANT,439
TAYLOR,441
TERRELL,443
TERRY,445
THROCKMORTON,447
TITUS,449
TOM GREEN,451
TRAVIS,453
TRINITY,455
TYLER,457
UPSHUR,459
UPTON,461
UVALDE,463
VAL VERDE,465
VAN ZANDT,467
VICTORIA,469
WALKER,471
WALLER,473
WARD,475
WASHINGTON,477
WEBB,479
WHARTON,481
WHEELER,483
WICHITA,485
WILBARGER,487
WILLACY,489
WILLIAMSON,491
WILSON,493
WINKLER,495
WISE,497
WOOD,499
YOAKUM,501
YOUNG,503
ZAPATA,505
ZAVALA,507